name,sort_name
1st century,001st century
2nd century,002nd century
3rd century,003rd century
4th century,004th century
5th century,005th century
6th century,006th century
7th century,007th century
8th century,008th century
9th century,009th century
10th century,010th century
11th century,011th century
12th century,012th century
13th century,013th century
14th century,014th century
15th century,015th century
16th century,016th century
17th century,017th century
18th century,018th century
19th century,019th century
20th century,020th century
21st century,021st century